英単語,意味,一般的な意味,例文
due,支払われるべき,～の予定で、期限の来た、～のために,Our next basketball match is due to start in ten minutes. （私たちの次のバスケットボールの試合は10分後に始まる予定です。）
suppose,思う、想像する,～と思う、～と仮定する、～することになっている,I suppose our team can win the next basketball game if we practice hard.（もし私たちが一生懸命練習すれば、次のバスケットボールの試合で私たちのチームが勝つと思います。）
deal,量,扱う、取引する、量,We must deal with their aggressive defense in the second half. （私たちは後半、彼らの攻撃的なディフェンスに対処しなければならない。）
subject,〜なりやすい,主題、科目、～を受けやすい,Basketball is his favorite subject to talk about with his teammates. （バスケットボールは、彼がチームメイトと話すときの一番好きな話題です。）
immediately,直ちに,すぐに、直ちに,The coach ordered us to pass the ball immediately. （コーチは私たちにすぐにボールをパスするように命じました。）
press,押す、新聞,押す、強要する、報道機関,The coach instructed us to press the opposing team from the start of the game. （監督は試合開始から相手チームにプレッシャーをかけるよう私たちに指示しました。）
destination,目的地,目的地、行き先,The team arrived at their destination for the national basketball tournament. （チームは全国バスケットボール大会の目的地に到着した。）
board,食事,板、委員会、（乗り物）に乗る,The ball bounced off the board and went into the basket. （ボールはバックボードに当たってゴールに入った。）
eliminate,除去する,～を除去する、～を排除する、～を失格させる,Our team was eliminated in the first round of the tournament. （私たちのチームは大会の1回戦で敗退しました。）
plenty,豊富,たくさんの、十分な、豊富,We have plenty of time to catch up in the second half. （後半で追いつく時間は十分にあります。）
contribute,貢献する,貢献する、寄付する、一因となる,His three-point shot contributed to the team's victory. （彼の3ポイントシュートがチームの勝利に貢献しました。）
bear,我慢する,～に耐える、～を負う、～を産む,He had to bear the heavy pressure during the final free throw. （彼は最後のフリースローの間、強いプレッシャーに耐えなければならなかった。）
indeed,本当に,本当に、実際に、確かに,He is indeed a talented basketball player. （彼は本当に才能のあるバスケットボール選手です。）
nor,〜もまた…ない,～もまた…ない,He can neither shoot nor pass well under pressure. （彼はプレッシャーがかかるとシュートもパスもうまくできません。）
psychology,心理学,心理学、心理、心理状態,Understanding the opponent's psychology is key to winning a basketball game. （相手の心理を理解することが、バスケットボールの試合に勝つための鍵です。）
appointment,約束,約束、予約、任命,I made an appointment with the trainer to get my ankle checked before the basketball game. （バスケットボールの試合の前に、足首を診てもらうためトレーナーの予約をしました。）
indicate,指し示す,～を示す、～を指し示す、～を指摘する,The coach used hand signals to indicate the next play. （コーチは次のプレーを示すために手信号を使いました。）
regard,心づかい,～とみなす、～を尊重する、点,Many fans regard him as the best basketball player in the league. （多くのファンが彼をリーグで最高のバスケットボール選手だと見なしています。）
surely,確かに、きっと,確かに、きっと、間違いなく,Our team will surely win the next basketball game. （私たちのチームは次のバスケットボールの試合にきっと勝つでしょう。）
equipment,設備,装備、備品、機器,We need to prepare all the basketball equipment before the game starts. （私たちは試合が始まる前にすべてのバスケットボールの用具を準備する必要があります。）
object,対象,物、目的、反対する,The main object of this drill is to improve our passing skills. （この練習の主な目的は、私たちのパス技術を向上させることです。）
suffer,苦しむ,苦しむ、（損害などを）受ける、耐える,Many players suffer from knee injuries during the basketball season. （多くの選手がバスケットボールのシーズン中に膝の怪我に苦しみます。）
settle,定住する、落ち着く,～を解決する、定住する、落ち着く,His last shot settled the basketball game. （彼の最後のシュートがバスケットボールの試合の決着をつけました。）
construct,建てる,～を建設する、～を構成する、～を組み立てる,The coach helped us construct a strong defense for the next match. （コーチは私たちが次の試合に向けて強力なディフェンスを構築するのを手助けしてくれました。）
besides,〜の他に,～に加えて、～の他に、さらに,"Besides being a great shooter, he is also the best defender on our basketball team. （素晴らしいシューターであることに加えて、彼は私たちのバスケットボールチームで最高のディフェンダーでもあります。）"
broad,広い,広い、広範な、大まかな,The point guard has a broad vision of the court during the game. （ポイントガードは試合中、コートの広い視野を持っている。）
opposite,反対の,反対の、向かい側の、逆の,Our point guard passed the ball to the player on the opposite side of the court. （私たちのポイントガードはコートの反対側にいる選手にボールをパスした。）
loose,緩んだ,ゆるい、解き放たれた、ゆるめる,Both players dived for the loose ball during the final minutes of the game. （試合の最後の数分間、両選手はルーズボールに向かって飛び込んだ。）
bother,悩ませる,～を悩ませる、わざわざ～する、困ったこと,Don't let the crowd's loud cheering bother your concentration during the free throw. （フリースローの最中に、観客の大きな声援に集中を邪魔されないようにしなさい。）
investigate,調査する,～を調査する、～を研究する、～を捜査する,The coach investigated the opposing team's strategy before the final match. （監督は決勝戦の前に相手チームの戦略を調査した。）
reveal,暴露する,～を明らかにする、～を暴露する、～を見せる,The coach revealed the starting lineup before the final game. （コーチは決勝戦の前にスターティングメンバーを明らかにした。）
succeed,継承する,成功する、後を継ぐ、継承する,Our team succeeded in winning the basketball tournament. （私たちのチームはバスケットボールの大会で優勝することに成功しました。）
specific,特定の、具体的な,特定の、明確な、具体的な,The coach gave us specific instructions for the next basketball game. （コーチは次のバスケットボールの試合に向けて私たちに具体的な指示を与えた。）
decline,断る,～を断る、減少する、衰退する,His stamina began to decline in the fourth quarter of the basketball game. （バスケットボールの試合の第4クォーターで、彼のスタミナは低下し始めました。）
circumstance,事情、状況,状況、事情、境遇,Under no circumstances should we give up until the basketball game is over. （どのような状況であっても、バスケットボールの試合が終わるまで私たちは諦めてはならない。）
emerge,出てくる、脱する,現れる、明らかになる、台頭する,A new star player began to emerge during the high school basketball tournament. （高校バスケットボール大会で新しいスター選手が台頭し始めました。）
threat,脅迫,脅威、脅迫、恐れ,His three-point shooting is a major threat to the opposing team. （彼の3ポイントシュートは相手チームにとって大きな脅威です。）
significant,重要な,重要な、かなりの、意義深い,He made a significant contribution to the team's victory in the basketball tournament. （彼はバスケットボールの大会でチームの勝利に重要な貢献をした。）
nevertheless,それでもなお,それにもかかわらず,"Our team was losing by ten points; nevertheless, we did not give up and won the game. （私たちのチームは10点差で負けていましたが、それにもかかわらず、私たちはあきらめずに試合に勝ちました。）"
publish,出版する,出版する、公表する、発表する,The team will publish the starting lineup for the championship game tomorrow. （チームは明日、選手権大会のスタメンを発表します。）
obtain,手に入れる,得る、獲得する、手に入れる,He trained hard to obtain a starting position on the basketball team. （彼はバスケットボールチームのスタメンの座を獲得するために猛練習した。）
merely,単に,単に、ただ～にすぎない,"He was not merely a tall player, but also a great passer. （彼は単に背が高い選手というだけでなく、優れたパサーでもあった。）"
devote,捧げる,～を捧げる、～を専念させる、～を充てる,He decided to devote all his time to basketball practice. （彼はすべての時間をバスケットボールの練習にささげることに決めた。）
greatly,大いに,たいへん、非常に、大いに,His shooting skills improved greatly after joining the basketball team. （バスケットボールチームに参加した後、彼のシュート技術は大いに向上しました。）
observe,観察する,～を観察する、～を守る、～と述べる,We carefully observed the opponent's strategy during the basketball game. （私たちはバスケットボールの試合中、相手チームの戦略を注意深く観察した。）
apparent,明らかな,明白な、一見〜らしい、外見上の,It was apparent that the team needed a new strategy after losing the first quarter. （第1クォーターを終えて、チームに新しい戦略が必要であることは明白でした。）
imply,ほのめかす,～を暗に意味する、～をほのめかす、～を暗示する,The coach's smile seemed to imply that our basketball team would win the final game. （コーチの微笑みは、私たちのバスケットボールチームが決勝戦に勝つことを暗に示しているようだった。）
obvious,明らかな,明白な、明らかな,It was obvious that he would score the winning shot. （彼が決勝点を決めることは明らかでした。）
whereas,ところが,～である一方で、～だが一方,"He excels at shooting three-pointers, whereas I am better at defense. （彼は3ポイントシュートを得意としているのに対して、私はディフェンスが得意です。）"
aside,別に,脇に、～は別として、離れて,The coach called a timeout and took the point guard aside to discuss the strategy. （コーチはタイムアウトを取り、作戦を話し合うためにポイントガードを脇へ呼び寄せた。）
otherwise,さもないと,さもなくば、別の方法で、その他の点では,"We need to practice passing today; otherwise, we will lose the next basketball game. （私たちは今日パスの練習をしなければなりません。さもないと、次のバスケットボールの試合に負けてしまいます。）"
examine,調査する,～を調査する、～を診察する、～を試験する,The coach carefully examined the recorded video of the basketball match. （コーチはバスケットボールの試合の録画ビデオを注意深く分析しました。）
upset,ひっくり返す,～を動揺させる、～をひっくり返す、～の調子を悪くする,Our basketball team caused a major upset by defeating the champion team. （私たちのバスケットボールチームは優勝チームを破って番狂わせを起こしました。）
transport,交通手段,～を輸送する、～を運ぶ、輸送,We used a large bus to transport the basketball team to the venue. （私たちは試合会場へバスケットボールチームを移動させるために大型バスを使いました。）
efficient,有能な,効率的な、能率的な,The team practiced an efficient offense to score more points in less time. （チームはより短時間で多く得点するために、効率的な攻撃を練習しました。）
favor,好意,親切な行為、好意、賛成,Could you do me a favor and pass the basketball to him? （私のお願いを聞いて、彼にバスケットボールをパスしてくれますか？）
conscious,意識している,意識している、意識のある、意識的な,He was conscious of the defender approaching from behind. （彼は後ろからディフェンダーが接近していることに気づいていた。）
authority,権威、当局,権威、当局、権限,The referee has the authority to make the final decision on the basketball court. （審判はバスケットボールコート上で最終決定を下す権限を持っています。）
declare,宣言する,～を宣言する、～を明言する、～を申告する,The coach declared that our goal is to win the championship. （監督は私たちの目標は優勝することだと宣言した。）
facility,設備,施設、設備、容易さ,The new basketball facility has two full courts and a weight room. （新しいバスケットボール施設にはフルコートが2面とトレーニングルームがあります。）
numerous,多数の,多数の、数多くの,He made numerous shots during the basketball game. （彼はバスケットボールの試合中に多数のシュートを決めた。）
identity,同一であること,身元、正体、同一性,The team built a strong identity through fast-break attacks. （そのチームはファストブレイクによる攻撃を通じて強いアイデンティティを確立しました。）
overcome,〜に打ち勝つ,～に打ち勝つ、～を克服する、～を参らせる,Our team managed to overcome the tough defense and score the winning points. （私たちのチームは厳しいディフェンスに打ち勝ち、決勝点を決めることができた。）
conclude,結論を下す,～と結論づける、～を締めくくる、～を結ぶ,We concluded the basketball game with a dramatic buzzer-beater. （私たちは劇的なブザービーターでバスケットボールの試合を締めくくりました。）
confirm,確かめる,～を確認する、～を確かめる、～を裏付ける,Please confirm the starting lineup for today's basketball game. （今日のバスケットボールの試合のスタメンを確認してください。）
approximately,およそ,およそ、約、ほぼ,There are approximately five minutes left in the fourth quarter. （第4クォーターの残り時間は約5分です。）
resist,抵抗する,～に抵抗する、～に耐える、～を我慢する,It was difficult to resist the pressure of the opponent's strong defense. （相手の強いディフェンスのプレッシャーに耐えるのは難しかった。）
breed,飼育する,～を繁殖させる、～を引き起こす、品種,Hard practice breeds strong teamwork on the basketball court. （厳しい練習はバスケットボールコート上での強いチームワークを生み出します。）
colleague,同僚,同僚,My colleague and I coach the high school basketball team together. （私と同僚は一緒に高校のバスケットボールチームを指導しています。）
fond,好きで,～が好きで、好意的な、甘い,He is fond of practicing basketball with his teammates after school. （彼は放課後にチームメイトとバスケットボールの練習をするのが好きです。）
intend,つもりである,～するつもりである、～を意図する,The coach intends to change our strategy for the next basketball game. （コーチは次のバスケットボールの試合のために私たちの戦略を変えるつもりです。）
vital,極めて重要な,極めて重要な、不可欠な、生命にかかわる,He played a vital role in the basketball team's victory. （彼はバスケットボールチームの勝利において極めて重要な役割を果たしました。）
persuade,説得する,～を説得する、～を納得させる,The coach tried to persuade the players to focus on their defense during the game. （コーチは試合中、選手たちにディフェンスに集中するよう説得しようとした。）
assignment,宿題、割り当て,宿題・課題、割り当て、任命,The coach gave each player a defensive assignment before the big game. （監督は大切な試合の前に、各選手に守備の役割を与えました。）
pour,注ぐ,注ぐ、流れる、(雨が)激しく降る,He poured in 30 points to lead his team to victory. （彼はチームを勝利に導くために30得点を叩き出した。）
predict,予言する,～を予測する、～を予言する,It is hard to predict which basketball team will win the championship this year. （どのバスケットボールチームが今年優勝するかを予測するのは難しい。）
disturb,乱す,～を邪魔する、～を乱す、～を不安にさせる,The crowd's loud cheering did not disturb his concentration during the free throw. （大歓声もフリースロー中の彼の集中を乱すことはなかった。）
calculate,計算する,計算する、見積もる、予測する,We need to calculate how many points we must score to win the basketball game. （バスケットボールの試合に勝つために何点取る必要があるか計算しなければならない。）
awful,ひどい,ひどい、恐ろしい、嫌な,We lost the game because of our awful defense in the final quarter. （最終クォーターでの私たちのひどい守備のせいで、試合に敗れました。）
largely,主として,主に、大部分は,Their team's success was largely due to their strong defense. （彼らのチームの成功は、主に強力なディフェンスによるものでした。）
priority,優先,優先事項、優先（権）、優先順位,Defense should be our top priority in the next basketball game. （次のバスケットボールの試合では、ディフェンスを最優先事項にすべきです。）
proper,適切な、固有の,適切な、固有の、正しい,It is important to maintain proper shooting form during the game. （試合中に適切なシュートフォームを維持することが重要です。）
slight,わずかな,わずかな、かすかな、少しの,He made a slight adjustment to his shooting form. （彼はシュートフォームをわずかに修正しました。）
rid,取り除く,～を取り除く、～を処分する、～を排除する,The coach told us to get rid of careless turnovers. （コーチは私たちに不注意なターンオーバーをなくすように言いました。）
entirely,全く,完全に、全く、すっかり,Our strategy for the next basketball game is entirely different from the last one. （私たちの次のバスケットボールの試合の戦略は、前回のものとは完全に異なります。）
opponent,相手,相手、対戦相手、反対者,Our team practiced hard to defeat our strong opponent in the next match. （私たちのチームは次の試合で強い対戦相手を倒すために猛練習しました。）
refuse,拒絶する,拒否する、断る、辞退する,The player refused to accept the referee's decision. （その選手は審判の判定を受け入れることを拒否した。）
frighten,怖がらせる,～を怖がらせる、～を脅かす,The opponent's star player tried to frighten us with his powerful dunks. （相手のスター選手は強力なダンクシュートで私たちを脅かそうとした。）
grant,許可する,～を与える、～を認める、助成金,The coach granted him a spot on the starting lineup. （コーチは彼にスタメンの座を与えました。）
concentrate,集中する,集中する、専念する、集まる,He tried to concentrate on the free throw during the basketball game. （彼はバスケットボールの試合中、フリースローに集中しようとした。）
ancestor,先祖,祖先、先祖,His ancestor was a famous basketball player in the 1950s. （彼の先祖は1950年代の有名なバスケットボール選手でした。）
proportion,割合,割合、比率、比例,A large proportion of his successful shots were three-pointers. （彼の成功したシュートの大きな割合が3ポイントシュートでした。）
wave,振る,波、手を振る、押し寄せる,The crowd began to wave their hands to cheer for our basketball team. （観客は私たちのバスケットボールチームを応援するために手を振り始めました。）
stable,安定した,安定した、不変の、馬小屋,The player maintained a stable performance throughout the basketball tournament. （その選手はバスケットボールの大会を通じて安定したパフォーマンスを維持しました。）
via,〜経由で,～を経由して、～によって、～を通じて,He scored two points via a great pass from the point guard. （彼はポイントガードからの素晴らしいパスを経由して2点を入れた。）
insult,侮辱(する),～を侮辱する、侮辱,Saying bad things to the referee is a serious insult in basketball. （審判に悪口を言うことは、バスケットボールにおいて重大な侮辱です。）
urge,駆り立てる,～を強く促す、～に強く勧める、衝動,The coach urged the players to focus on defense in the fourth quarter. （監督は選手たちに第4クォーターで守備に集中するよう強く促した。）
sympathy,同情、同感,同情、共感、思いやり,We felt deep sympathy for the player who was injured during the basketball game. （私たちはバスケットボールの試合中に負傷した選手に強い同情を感じました。）
witness,目撃者、証人,目撃者、証人、～を目撃する,Thousands of fans came to witness his incredible game-winning shot. （何千人ものファンが彼の素晴らしい決勝シュートを目撃するために集まりました。）
steady,しっかりした,安定した、絶え間ない、一定の,His steady shooting helped the basketball team win the game. （彼の安定したシュートが、バスケットボールチームの勝利に貢献しました。）
generous,寛大な,寛大な、気前のよい、豊富な,"He made a generous pass to his teammate, allowing him to score easily. （彼はチームメイトに惜しみないパスを出し、簡単に得点させました。）"
absorb,吸収する,～を吸収する、～を熱中させる、～を理解する,A young player tried to absorb all the advice from the basketball coach. （若い選手はバスケットボールのコーチからのすべてのアドバイスを吸収しようとしました。）
crucial,決定的な、重大な,決定的な、極めて重要な、重大な,Making this free throw is crucial for our team to win the game. （このフリースローを決めることは、私たちのチームが試合に勝つために極めて重要です。）
component,構成要素、部品,構成要素、部品、成分,Defense is a key component of a winning basketball team. （守備は勝利するバスケットボールチームの重要な要素です。）
relief,安心、救済,安心、軽減、救済,It was a great relief when our captain scored the final buzzer-beater. （キャプテンが最後のブザービーターを決めたときは大きな安心感がありました。）
considerable,かなりの,かなりの、相当な,He spent a considerable amount of time practicing his free throws before the big game. （彼は大切な試合の前に、フリースローの練習にかなりの時間を費やしました。）
glance,ちらっと見る,チラリと見る、一瞥する,He took a quick glance at the shot clock before shooting. （彼はシュートを打つ前に、ちらりとショットクロックを見た。）
pursue,追求する,～を追求する、～を追跡する、～を続ける,He decided to pursue his dream of becoming a professional basketball player. （彼はプロのバスケットボール選手になるという夢を追い求めることにしました。）
interrupt,さえぎる,～を中断させる、～を邪魔する、～をさえぎる,The coach called a timeout to interrupt the other team's momentum. （コーチは相手チームの勢いを中断させるためにタイムアウトを取りました。）
strike,襲う、打つ,～を打つ、～の心に浮かぶ、～を襲う,We need to strike first in the next quarter to win the basketball game. （バスケットボールの試合に勝つためには、次のクォーターで先制攻撃を仕掛ける必要がある。）
coat,上着、外套,コート、上着、～を覆う,He wore a thick coat after the basketball practice. （彼はバスケットボールの練習後に厚手のコートを着た。）
precious,貴重な,貴重な、大切な、高価な,Winning the championship was a precious memory for our basketball team. （選手権で優勝したことは、私たちのバスケットボールチームにとって貴重な思い出でした。）
thin,うすい,薄い、細い、痩せた,He passed the ball through a thin gap between the defenders. （彼はディフェンダー同士のわずかな隙間にボールを通した。）
responsible,責任がある,責任がある、原因となって,"As the point guard, he is responsible for directing the team's offense. （ポイントガードとして、彼はチームの攻撃を指揮する責任があります。）"
religion,宗教,宗教、信仰,Basketball is almost a religion to the players on our high school team. （私たちの高校のチームの選手たちにとって、バスケットボールはほとんど宗教のようなものです。）
severe,厳しい,厳しい、深刻な、激しい,He suffered a severe injury during the basketball game. （彼はバスケットボールの試合中にひどい怪我を負いました。）
precise,正確な,正確な、精密な、まさにその,His precise pass led to the team's winning shot. （彼の正確なパスがチームの決勝シュートにつながった。）
faith,信仰,信仰、信頼、確信,We never lost faith in our teammates during the tough basketball game. （激しいバスケットボールの試合中、私たちは仲間への信頼を決して失いませんでした。）
virtually,実質上,事実上、実質的に、ほとんど,Winning the basketball game without our captain is virtually impossible. （キャプテンなしでバスケットボールの試合に勝つことは実質的に不可能です。）
feather,羽毛,羽、羽毛,"He made the shot with a soft, feather touch. （彼は羽のように柔らかいタッチでシュートを決めた。）"
convince,確信させる,～を確信させる、～を納得させる、～を説得する,The coach tried to convince the players that they could win the championship. （コーチは選手たちに自分たちが優勝できると納得させようとしました。）
reputation,評判、名声,評判、名声,The basketball team built a reputation for its strong defense. （そのバスケットボールチームは強力な守備で評判を築いた。）
interpret,解釈する、通訳する,解釈する、通訳する,The point guard tried to interpret the opponent's defensive strategy. （ポイントガードは相手チームの守備戦略を読み解こう（解釈しよう）とした。）
institution,施設、制度,機関、制度、施設,This annual basketball tournament is a famous institution in our city. （この毎年のバスケットボール大会は、私たちの街で有名な名物行事です。）
bury,埋める,～を埋める、～を埋葬する、～を隠す,He buried a three-pointer right before the buzzer. （彼はブザーが鳴る直前に3ポイントシュートを沈めました。）
clerk,事務員、社員,事務員、店員、フロント係,The clerk at the sports shop recommended a new pair of basketball shoes to me. （スポーツ店の店員が私に新しいバスケットボールシューズを勧めてくれた。）
commit,犯す、委ねる,～を犯す、～を約束する、～を委ねる,He committed to practicing hard every day for the next basketball match. （彼は次のバスケットボールの試合のために毎日猛練習することを誓いました。）
acknowledge,認める,～を認める、～に感謝する、～を受け取ったことを知らせる,The coach acknowledged the players' hard work after the intense basketball game. （コーチは激しいバスケットボールの試合の後、選手たちの努力を認めました。）
tragedy,悲劇,悲劇、惨事,The star player's injury in the final seconds was a tragedy for the basketball team. （終了間際のスター選手の負傷は、そのバスケットボールチームにとって悲劇だった。）
sake,目的、利益,目的、利益、ため,We practiced hard every day for the sake of winning the tournament. （私たちは大会で勝つために毎日熱心に練習しました。）
internal,内部の,内部の、国内の、体内の,The team needed to resolve their internal conflicts before the big game. （チームは重要な試合の前に内部の対立を解決する必要があった。）
lawn,芝生,芝生、芝生広場,We set up a basketball hoop on the lawn in our backyard. （私たちは裏庭の芝生の上にバスケットボールのゴールを設置しました。）
trial,裁判、試み,試み、裁判、試練,"He failed his first trial for the basketball team, but he never gave up. （彼はバスケットボールチームの最初の選考試験には落ちたが、決してあきらめなかった。）"
dye,染料、染める,～を染める、染料,He dyed his hair red to show his spirit for the basketball tournament. （彼はバスケットボールの大会に向けて気合を示すために髪を赤く染めた。）
sink,沈む,沈む、～を沈める、流し,He managed to sink a three-pointer just before the buzzer. （彼はブザーが鳴る直前に3ポイントシュートを決めた。）
equivalent,等しい,同等の、相当する、相当するもの,A three-point shot in basketball is equivalent to three free throws. （バスケットボールでの3ポイントシュートは、フリースロー3本分と同等です。）
burden,重荷,重荷、負担、～に負担をかける,Carrying the team to the finals was a heavy burden for the captain. （チームを決勝に導くことは、キャプテンにとって重い負担でした。）
suspect,疑う,～ではないかと思う、～を疑う、容疑者,The referee began to suspect that the player was intentionally committing fouls. （審判はその選手が故意にファウルをしているのではないかと疑い始めた。）
withdraw,引き出す,～を撤回する、～を引き出す、退く,The point guard had to withdraw from the tournament due to a knee injury. （そのポイントガードは膝の負傷のためトーナメントから棄権しなければならなかった。）
contrary,反対,反対の、逆の、～に反して,"Contrary to our coach's expectations, we won the basketball tournament. （コーチの予想に反して、私たちはバスケットボールの大会で優勝しました。）"
ethnic,少数民族の、人種の,民族の、民族特有の、異国風の,Players from various ethnic backgrounds play together on the basketball team. （多様な民族的背景を持つ選手たちが、そのバスケットボールチームで一緒にプレーしています。）
blame,とがめる,～を非難する、～のせいにする、責任,Don't blame your teammates for losing the basketball match. （バスケットボールの試合に負けたことをチームメイトのせいにしてはいけません。）
distract,そらす,～の気をそらす、～の注意を散らす、～を紛らす,Don't let the noise of the crowd distract you when taking a free throw. （フリースローを打つときは、観客の歓声に気を散らされないようにしなさい。）
deserve,〜に値する,～に値する、～を受けるに足る,"He practiced harder than anyone else, so he deserved to win the basketball game. （彼は誰よりも猛練習したので、そのバスケットボールの試合で勝つのにふさわしかった。）"
resolve,決める,解決する、決意する、分解する,The team worked together to resolve their defense problems before the final game. （チームは決勝戦の前にディフェンスの問題を解決するために協力した。）
fancy,好み、手の込んだ,高級な、空想する、～を好む,He amazed the crowd with a fancy pass in the basketball game. （彼はバスケットボールの試合で華麗なパスを出して観客を驚かせた。）
band,一隊,帯、楽団、一団,The players wore a black band on their arm to show respect for their former coach. （選手たちは元監督への敬意を表すため、腕に黒いバンドを着用しました。）
sacred,神聖な,神聖な、聖なる、宗教的な,The home court is a sacred place for our basketball team. （私たちのバスケットボールチームにとって、ホームコートは神聖な場所です。）
eager,熱望して,しきりに～したがっている、熱心な,The players were eager to win the final basketball game.（選手たちは最後のバスケットボールの試合に勝つことを熱望していた。）
disorder,混乱,無秩序、混乱、障害,The opponent's defense fell into disorder after our fast break. （私たちのファストブレイクの後、相手チームのディフェンスは混乱に陥りました。）
fellow,やつ、仲間の,仲間、奴、同僚,He encourages his fellow teammates during every basketball game. （彼はすべてのバスケットボールの試合で仲間のチームメイトを励まします。）
bore,うんざりさせる,退屈させる、～に穴をあける、bearの過去形,His long speech bore the players during the basketball meeting. （バスケットボールのミーティング中、彼の長いスピーチは選手たちを退屈させた。）
horrible,恐ろしい,ひどい、恐ろしい、嫌な,We lost the basketball game because of my horrible performance. （私のひどいプレーのせいで、私たちはバスケットボールの試合に敗れた。）
emphasis,強調,強調、重視、主眼,The coach placed strong emphasis on defense during practice. （コーチは練習でディフェンスを重視しました。）
deny,否定する,～を否定する、～を拒む、～を認めない,The center denied the opponent's shot with a massive block. （センターは見事なブロックで相手のシュートを拒んだ。）
acquire,取得する,～を獲得する、～を習得する、～を手に入れる,He practiced every day to acquire a better shooting form. （彼はより良いシュートフォームを習得するために毎日練習しました。）
restore,もとに戻す,～を修復する、～を回復させる、～を戻す,The coach called a timeout to restore calm to the team. （監督はチームに落ち着きを取り戻すためにタイムアウトを取った。）
duty,義務,義務、職務、関税,"As captain, it is my duty to lead the team to victory. （キャプテンとして、チームを勝利に導くことが私の義務です。）"
grateful,感謝している,感謝している、ありがたく思っている,I am grateful to my teammates for supporting me during the basketball game. （バスケットボールの試合中、私を支えてくれたチームメイトに感謝しています。）
abandon,やめる、見捨てる,～を捨てる、～を諦める、～を放棄する,They never abandoned their hope of winning the basketball game. （彼らはバスケットボールの試合に勝つ希望を諦めなかった。）
accompany,〜と同行する、伴う,～に同行する、～に伴う、～に添える,My coach will accompany the basketball team to the national tournament. （コーチが全国大会へバスケットボールチームに同行します。）
folk,人々、民俗,人々、民間の、親（folks）,Many local folks came to cheer for our basketball team. （地元の多くの人々が私たちのバスケットボールチームを応援しに来ました。）
fur,毛皮,毛皮、柔らかい体毛,The basketball team's mascot is covered in soft fur. （そのバスケットボールチームのマスコットは柔らかい毛で覆われています。）
owe,〜に借りがある,借りがある、～のおかげである、負っている,We owe our victory in today's basketball game to our team captain. （私たちは今日のバスケットボールの試合での勝利をチームキャプテンのおかげだと思っています。）
convey,運ぶ、伝える,～を伝える、～を運ぶ,The coach used hand signals to convey the strategy to the players on the court. （コーチはコート上の選手たちに作戦を伝えるために手信号を使った。）
occupy,占領する,占める、占領する、従事させる,The center tried to occupy the space under the basket to get the rebound. （センターの選手はリバウンドを取るためにゴール下のスペースを確保しようとしました。）
concrete,具体的な,具体的な、明確な、コンクリート,The coach gave us concrete advice on how to improve our defense. （コーチは私たちの守備を改善するための具体的なアドバイスをくれました。）
hire,雇う、借りる,～を雇う、～を借りる,The team decided to hire a new professional coach to improve their defense. （チームは守備を改善するために新しいプロコーチを雇うことにした。）
sufficient,十分な,十分な、足りがちの、適当な,Ten minutes was sufficient time for us to warm up before the basketball match. （バスケットボールの試合前にウォーミングアップをするには10分で十分な時間でした。）
wage,賃金,賃金、給料,Professional basketball players earn high wages. （プロバスケットボール選手は高い賃金を得ています。）
discipline,訓練、しつけ,規律、しつけ、学問分野,Strict discipline is necessary for a basketball team to win the championship. （バスケットボールチームが優勝するには厳しい規律が必要です。）
depression,不景気、意気消沈,憂鬱、不況、抑うつ,He fell into a temporary depression after missing the winning shot. （彼は決勝シュートを外した後、一時的な落ち込みに陥った。）
contract,契約する,契約する、収縮する、（病気に）かかる,He signed a professional contract with a local basketball team. （彼は地元のバスケットボールチームとプロ契約を結びました。）
executive,管理職,役員、幹部、実行の権利を有する,The basketball club executive organized the summer training camp. （バスケットボール部の幹部が夏合宿を企画しました。）
coal,石炭,石炭,The basketball coach motivated the team by saying their passion must burn like coal. （バスケットボールのコーチは、チームの情熱は石炭のように燃え上がらなければならないと言って選手たちを鼓舞した。）
seed,種をまく,種、種子、原因,Our basketball team secured the top seed in the regional tournament. （私たちのバスケットボールチームは地区大会で第1シードを獲得しました。）
guarantee,保証,～を保証する、保証、保証書,The coach's strategy will guarantee our victory in the basketball tournament. （コーチの戦略は、バスケットボールの大会での私たちの勝利を保証するでしょう。）
ultimate,最終の、究極の,究極の、最終の、根本的な,Winning the national championship is the ultimate goal for our basketball team. （全国大会で優勝することが、私たちのバスケットボールチームの最終目標です。）
approve,是認する、賛成する,～を承認する、～に賛成する、～をよいと認める,The coach approved our new tactic for the next basketball game. （監督は次のバスケットボールの試合のための私たちの新しい戦術を承認しました。）
interfere,干渉する,邪魔をする、干渉する、妨げる,Loud noise from the crowd can interfere with a player's concentration during a free throw. （観客からの大きな雑音は、フリースロー中の選手の集中力を妨げることがあります。）
insurance,保険、保証,保険、保険金、保護手段,He scored an insurance basket to secure our team's victory in the last minute. （彼は最後の1分でチームの勝利を確実にする保険のゴールを決めた。）
leap,跳ねる,跳ぶ、跳躍する、急増する,He leaped high into the air to grab the rebound. （彼はリバウンドを取るために高く跳び上がりました。）
classify,分類する,～を分類する、～を級分けする,The coach classified the players into two teams for the practice match. （コーチは練習試合のために選手たちを2つのチームに分類しました。）
impose,課す,～を課す、～を押しつける、～を導入する,The coach decided to impose strict practice rules on the basketball team. （コーチはバスケットボールチームに厳しい練習ルールを課すことに決めました。）
load,積む,荷物、重荷、～に荷を積む,The coach decided to reduce the practice load before the big basketball game. （コーチは大きなバスケットボールの試合の前に練習の負荷を減らすことに決めました。）
sacrifice,犠牲にする,犠牲にする、～を捧げる、犠牲,He made a great sacrifice of his free time to practice basketball every day. （彼は毎日バスケットボールを練習するために、自由時間を大きく犠牲にしました。）
pile,積み重ね,山、積み重ね、～を積み重ねる,There was a pile of basketballs in the corner of the gym. （体育館の隅にバスケットボールが山積みになっていた。）
adequate,適切な,十分な、適切な,We have adequate practice time before the basketball match. （私たちにはバスケットボールの試合の前に十分な練習時間があります。）
multiple,多数の,多数の、多様な、複合の,He scored multiple three-pointers during the crucial third quarter. （彼は重要な第3クォーターの間に複数の3ポイントシュートを決めた。）
sustain,支える、維持する,～を維持する、～を支える、～を被る,It is important to sustain a strong defense throughout the whole basketball game. （バスケットボールの試合全体を通して強力な守備を維持することが重要です。）
stimulate,刺激する,～を刺激する、～を活気づける、～を促す,The coach's words stimulated the players to play with more energy. （コーチの言葉は選手たちを刺激し、よりエネルギッシュにプレイさせました。）
empire,帝国,帝国、大企業,Their team built a basketball empire by winning five consecutive titles. （彼らのチームは5連覇を達成してバスケットボールの王国を築いた。）
commute,通勤する,通勤する、通学する,He has to commute for an hour every day to attend basketball practice. （彼はバスケットボールの練習に参加するために毎日1時間かけて通学しています。）
yield,生む、産出する,～を産出する、屈する、譲る,His daily practice yielded great results in the basketball match. （彼の毎日の練習は、バスケットボールの試合で大きな成果を生み出しました。）
obstacle,障害,障害、妨害（物）,The tall defender was a major obstacle for us to reach the basket. （背の高いディフェンダーは、私たちがバスケットに到達するための大きな障害でした。）
bare,むき出しの,裸の、露出した、最低限の,He caught the fast pass with his bare hands. （彼はその素早いパスを素手で受け止めた。）
remark,言う、述べる,～と述べる、意見、感想,The coach made a remark about our defense during halftime. （監督はハーフタイム中に私たちのディフェンスについてコメントした。）
fate,運命,運命、宿命、結末,The buzzer-beater shot decided the fate of the basketball team. （ブザービーターのシュートがバスケットボールチームの運命を決定づけました。）
enthusiasm,熱中,情熱、熱意、熱狂,The players showed great enthusiasm during the basketball practice. （選手たちはバスケットボールの練習中に素晴らしい熱意を見せた。）
fold,折りたたむ,～を折りたたむ、～を組む、折りかえす,The coach folded his arms while watching the basketball game. （コーチは腕を組みながらバスケットボールの試合を見ていた。）
detective,探偵,探偵、刑事,The point guard acted like a detective to read the opponent's tactics. （ポイントガードは相手の戦術を読むために探偵のように振る舞いました。）
envelope,封筒、包み,封筒,Please put the tickets for the basketball game in an envelope. （バスケットボールの試合のチケットを封筒に入れてください。）
cattle,牛,牛、畜牛,The coach yelled at us for moving like a herd of cattle during practice. （コーチは練習中、私たちが牛の群れのように動いていると言って怒鳴った。）
ceiling,天井,天井、上限,His high shot almost hit the gymnasium ceiling during the basketball game. （バスケットボールの試合中、彼の高いシュートは体育館の天井に届きそうでした。）
divorce,離婚する,離婚、離婚する、～を切り離す,The basketball coach told the players to divorce their emotions from their performance on the court. （バスケットボールのコーチは選手たちに、コート上でのプレーから感情を切り離すように言いました。）
comprehend,理解する,〜を理解する、〜を把握する、〜を含む,It was difficult to comprehend the coach's complex tactics during the game. （試合中にコーチの複雑な戦術を理解するのは難しかった。）
ecology,生態,生態学、環境保護、生態系,The basketball team reduced plastic waste to protect the local ecology. （バスケットボールチームは地域の生態系を守るためにプラスチックごみを削減しました。）
promptly,迅速に、きっかり,迅速に、直ちに、ちょうど,The coach asked us to gather promptly on the basketball court after the break. （コーチは休憩後、すぐにバスケットボールコートに集まるよう私たちに求めた。）
firm,堅い、しっかりして,会社、固い、確固とした,A firm defense is key to winning a tough basketball game. （厳しいバスケットボールの試合に勝つためには、堅実な守備が鍵となります。）
cartoon,マンガ,風刺画、漫画、アニメーション,He loves to draw a cartoon of his favorite basketball player. （彼は大好きなバスケットボール選手の漫画を描くのが好きです。）
manual,手の、人力の,手動の、説明書、体を使う,Every player should read the team's training manual before practice starts. （すべての選手は練習が始まる前にチームのトレーニングマニュアルを読むべきです。）
valid,有効な,有効な、妥当な、正当な,The referee confirmed that the last-second shot was valid. （審判は終了間際のシュートが有効であると確認した。）
channel,海峡、経路,海峡、経路、チャンネル,You should channel your energy into improving your defense. （自分のエネルギーをディフェンスの上達に向けさせるべきです。）
palm,手のひら,手のひら、ヤシ,He rested the basketball in the palm of his hand before making the shot. （彼はシュートを打つ前に、バスケットボールを手のひらに乗せました。）
innocent,無罪の、無邪気な,無実の、罪のない、無邪気な,The player claimed he was innocent of committing the foul. （その選手はファウルを犯していないと主張した。）
bound,〜行きの,～行きの、きっと～する、縛られた,Our team is bound for the national tournament this summer. （私たちのチームはこの夏、全国大会に行くことになっています。）
mess,混乱,散らかっているもの、混乱、台無しにする,The locker room was in a mess after the intense basketball game. （激しいバスケットボールの試合の後、ロッカールームは散らかっていた。）
retain,維持する,～を保持する、～を維持する、～を記憶する,The team worked hard to retain their championship title in the basketball tournament. （そのチームはバスケットボールの大会で優勝タイトルを保持するために懸命に努力しました。）
decent,きちんとした、上品な,きちんとした、かなりの、まともな,He made a decent shot from the three-point line. （彼はスリーポイントラインからまずまずのシュートを決めた。）
chamber,会館、部屋,部屋、会議場、室,The basketball team gathered in the strategy chamber before the big game. （バスケットボールチームは大事な試合の前に戦略室に集まった。）
absence,欠席,欠席、不在、欠如,The captain's absence was heavily felt during the tough basketball game. （厳しいバスケットボールの試合中、キャプテンの不在が大きく響いた。）
prospect,見込み,見通し、可能性、見込み,He is a promising prospect for the high school basketball team. （彼は高校のバスケットボールチームの有望な選手です。）
stare,じっと見る,じっと見る、凝視する、見つめる,He stared at the basket before making the final free throw. （彼は最後のフリースローを打つ前にバスケットをじっと見つめた。）
prejudice,偏見,偏見、先入観、～に偏見を抱かせる,We should not have prejudice against short basketball players. （背の低いバスケットボール選手に対して偏見を持つべきではありません。）
silly,愚かな,愚かな、くだらない、たわいもない,Making a silly foul cost the basketball team the game. （愚かなファウルをしたことで、バスケットボールチームは試合に敗れた。）
assure,保証する,～を保証する、～に請け合う、～を安心させる,The coach assured us that we could win the next basketball game. （コーチは私たちが次のバスケットボールの試合に勝てることを請け合いました。）
obey,従う,～に従う、～を守る,Players must obey the referee's decisions during the basketball game. （選手たちはバスケットボールの試合中、審判の判定に従わなければならない。）
sigh,ため息をつく,ため息をつく、ため息,The coach let out a deep sigh after the team missed the crucial free throw. （チームが重要なフリースローを外したとき、コーチは深いため息をついた。）
seize,つかむ、占領する,つかむ、を捕らえる、を差し押さえる,He managed to seize the loose ball and score a quick basket. （彼はルーズボールを掴み、素早くシュートを決めた。）
genuine,本物の,本物の、真の、誠実な,His passion for basketball is genuine. （彼のバスケットボールに対する情熱は本物です。）
fool,ばか者,愚か者、ばか、～をだます,Don't be fooled by his fake pass during the basketball game. （バスケットボールの試合中、彼のフェイクパスにだまされてはいけません。）
plot,陰謀,（小説などの）筋、陰謀、土地,The coach plotted a clever strategy to win the championship game. （コーチは選手権試合に勝つための賢明な戦略を練った。）
shore,岸、浜,岸、海岸、陸地,We need to shore up our defense to win the basketball game. （バスケットボールの試合に勝つために、私たちは守備を強化する必要があります。）
magnificent,壮大な,壮大な、すばらしい、堂々とした,He made a magnificent three-point shot right before the buzzer. （彼はブザーの直前に素晴らしい3ポイントシュートを決めた。）
principal,主要な,主要な、校長、本金の,Winning the national tournament is our basketball team's principal goal this season. （全国大会で優勝することが、今シーズンの私たちのバスケットボールチームの主な目標です。）
endurance,忍耐,忍耐、耐久力、我慢,Building up your endurance is essential for playing a full basketball game. （バスケットボールの試合をフルで戦い抜くには、持久力を高めることが不可欠です。）
sum,合計,合計、金額、要約する,He scored a sum of 30 points in yesterday's basketball game. （彼は昨日のバスケットボールの試合で合計30得点を記録した。）
abundant,豊富な,豊富な、たくさんの、満ちあふれた,He has abundant talent as a basketball player. （彼にはバスケットボール選手としての豊富な才能があります。）
pupil,生徒,生徒、児童、瞳孔,The coach taught his pupils how to shoot three-pointers effectively. （コーチは生徒たちに効果的な3ポイントシュートの打ち方を教えた。）
accelerate,加速する,～を加速させる、～を促進する,The point guard was able to accelerate past the defender and score a layup. （ポイントガードはディフェンダーを追い抜いて加速し、レイアップシュートを決めました。）
scholar,学者,学者,He is known as a true scholar of basketball because he studies game tactics every day. （彼は毎日試合の戦術を研究しているため、真のバスケットボールの探求者として知られています。）
altitude,高度,高度、標高、海抜,The basketball player jumped to an incredible altitude to block the shot. （そのバスケットボール選手はシュートをブロックするために驚くべき高さまで跳び上がった。）
pity,哀れみ,哀れみ、残念なこと、～を哀れむ,It is a pity that our team lost the basketball final by just one point. （私たちのチームがわずか1点差でバスケットボールの決勝戦に敗れたのは残念なことだ。）
anticipate,予期する,予想する、期待する、予期する,The defender anticipated his pass and stole the ball. （ディフェンダーは彼のパスを予測してボールを奪った。）
vanish,消える,消える、消滅する,Their 10-point lead vanished in the last minute of the game. （試合の最後の1分間で、彼らの10点差のリードは消えてしまいました。）
appetite,食欲,食欲、欲求、意欲,The players have a strong appetite for victory this season. （選手たちは今シーズン、勝利への強い意欲を持っています。）
clue,手がかり,手がかり、ヒント,The coach gave us a clue on how to break their strong defense.（コーチは相手の強力なディフェンスを崩すためのヒントを私たちにくれた。）
certificate,証明書,証明書、免許状、修了証,All participants in the basketball camp received a certificate of completion. （バスケットボールキャンプの全参加者が修了証を受け取りました。）
clarify,明確にする,～を明らかにする、～を解明する,The coach clarified the team's strategy before the big game. （コーチは大切な試合の前にチームの戦略を明確にした。）
dispute,口論する,～に異議を唱える、議論する、論争,The team decided to dispute the referee's decision during the basketball game. （そのチームはバスケットボールの試合中に審判の判定に異議を唱えることにした。）
collapse,つぶれる、崩壊,崩壊する、倒れる、破綻する,The team's defense began to collapse under the pressure in the fourth quarter. （第4クォーターでプレッシャーに押され、そのチームの守備は崩壊し始めました。）
deliberate,慎重な,意図的な、慎重な、熟考する,The player made a deliberate foul to stop the clock. （その選手は時間を止めるために意図的なファウルをした。）
miserable,惨めな,惨めな、不幸な、粗末な,The team suffered a miserable defeat in the championship game. （チームは選手権試合で悲惨な敗北を喫した。）
mutual,相互の,相互の、共通の、お互いの,They have mutual respect for each other as basketball rivals. （彼らはバスケットボールのライバルとしてお互いに尊敬し合っています。）
administration,管理,行政、管理、政権,The new team administration decided to hire an experienced basketball coach. （新しいチーム運営陣は経験豊富なバスケットボールのコーチを雇うことに決めました。）
moderate,穏やかな,適度な、控えめな、和らげる,The coach advised us to maintain a moderate pace during the basketball practice. （コーチは私たちに、バスケットボールの練習中に適度なペースを維持するよう助言しました。）
coincidence,偶然の一致,偶然の一致、同時発生,It was a pure coincidence that both team captains wore the number 23. （両チームのキャプテンがともに背番号23を付けていたのは完全な偶然だった。）
launch,発射する,～を開始する、～を発射する、～を売り出す,The team decided to launch a fast attack right after the opponent missed a free throw. （相手がフリースローを外した直後、チームは速攻を開始することに決めました。）
modest,謙虚な,謙虚な、控えめな、わずかな,"Despite scoring 30 points, the star player remained modest about his performance. （30得点を挙げたにもかかわらず、そのエース選手は自分のパフォーマンスに対して謙虚なままでした。）"
assess,査定する,～を評価する、～を査定する、～を判断する,The coach needs to assess the players' conditions before the basketball game. （コーチはバスケットボールの試合前に選手たちのコンディションを評価する必要がある。）
collision,衝突,衝突、激突、対立,The two players had a heavy collision while jumping for the rebound. （リバウンドを争って跳んだ際、2人の選手が激しく衝突しました。）
keen,鋭い,熱心な、鋭い、激しい,He is a keen basketball player who never misses daily practice. （彼は日々の練習を欠かさない熱心なバスケットボール選手です。）
constraint,制約,制約、制限、束縛,"Due to time constraints, we had to shorten our basketball practice. （時間の制約のため、私たちはバスケットボールの練習を短縮しなければなりませんでした。）"
triumph,勝利,勝利、大成功、勝利を収める,The team celebrated their triumph in the tournament final. （チームはトーナメント決勝での勝利を祝いました。）
contaminate,汚染する,～を汚染する、～を汚す,A single violation could contaminate the reputation of the basketball team. （たった一つの違反が、バスケットボールチームの評判を汚す可能性がある。）
descend,降りる,下る、降りる、伝わる,The player caught the rebound in the air and safely descended to the court floor. （その選手は空中でリバウンドをキャッチし、安全にコートへと降り立った。）
criterion,基準,基準、標準、尺度,Height is an important criterion for choosing starting players in basketball. （身長はバスケットボールでスターティングメンバーを選ぶための重要な基準です。）
assembly,集会,集会、組み立て、議会,All team members gathered for the morning assembly before the basketball tournament. （バスケットボールの大会の前に、全チームのメンバーが朝の集会のために集まりました。）
density,密度,密度、濃度,The high defense density near the basket made it difficult to score. （ゴール付近の守備の密度が高く、得点するのが難しかった。）
splendid,すばらしい,すばらしい、立派な、見事な,He made a splendid shot in the last seconds of the basketball game. （彼はバスケットボールの試合のラスト数秒で素晴らしいシュートを決めた。）
derive,引き出す,～を得る、～に由来する、～を導き出す,Many players derive confidence from daily basketball practice. （多くの選手は日々のバスケットボールの練習から自信を得ています。）
negotiate,交渉する,交渉する、を取り決める、を乗り越える,The captain tried to negotiate with the referee about the call. （キャプテンは判定について審判と交渉しようとした。）
dispose,処分する,配置する、処理する、～する気にさせる,The basketball team managed to dispose of their rivals in the final game. （そのバスケットボールチームは決勝戦でライバルを破ることができた。）
nasty,いやな,不快な、意地悪な、えげつない,He committed a nasty foul to stop the opponent's fast break. （彼は相手の速攻を止めるために悪質なファウルをした。）
duration,期間,継続、期間、所要時間,He played for the entire duration of the basketball game. （彼はバスケットボールの試合の全時間にわたってプレーした。）
behalf,利益,利益、味方、代理,He accepted the trophy on behalf of the basketball team. （彼はバスケットボールチームを代表してトロフィーを受け取った。）
emit,放出する,～を出す、～を発する,The shoes emit a high-pitched squeak as the player stops on the basketball court. （プレイヤーがバスケットボールコートで急速に止まると、シューズが甲高い音を発します。）
controversy,論争,論争、議論,The referee's call caused a major controversy during the basketball game. （審判の判定はバスケットボールの試合中に大きな物議を醸した。）
enhance,高める,～を高める、～を増す、～を向上させる,Daily practice will enhance your basketball skills. （毎日の練習はあなたのバスケットボールの技術を高めるでしょう。）
grocery,食料雑貨店,食料雑貨類、食料雑貨店,Our coach bought groceries to prepare healthy meals for the basketball team. （コーチはバスケットボールチームのために健康的な食事を準備しようと食料雑貨を買いました。）
evaluate,評価する,～を評価する、～を査定する、～を見積もる,The coach will evaluate our performance after the basketball game. （コーチはバスケットボールの試合後に私たちのパフォーマンスを評価する予定です。）
hemisphere,半球,半球,Basketball is a popular sport in both the Northern and Southern Hemispheres. （バスケットボールは北半球と南半球の両方で人気のあるスポーツです。）
exhaust,使い果たす、排気,～を疲れ果てさせる、～を使い果たす、排気する,The tough basketball practice completely exhausted all the players. （厳しいバスケットボールの練習によって、選手たちは体力を完全に使い果たしました。）
expire,期限が切れる,期限が切れる、満了する、息を引き取る,The shot clock expired before he could shoot the basketball. （彼がバスケットボールをシュートする前にショットクロックの時間が終了しました。）
extinct,絶滅した,絶滅した、廃れた、消えた,That classic playing style has become almost extinct in modern basketball. （その伝統的なプレースタイルは、現代のバスケットボールではほとんど見られなくなりました。）
bind,縛る,～を縛る、～を結びつける、～を義務づける,Teamwork and strong defense bind our basketball team together. （チームワークと強い守備が私たちのバスケットボールチームを結束させています。）
gaze,見つめる,じっと見る、凝視する、見つめる,He fixed his gaze on the hoop before taking the free throw. （彼はフリースローを打つ前に、じっとリングを見つめました。）
implement,実行する,実行する、実施する、道具,The coach decided to implement a new defense tactic in the second half. （コーチは後半に新しい守備戦術を実行することに決めた。）
rub,こする,～をこする、～を擦り込む、～を磨く,He rubbed the basketball between his hands to get a better grip before taking the shot. （彼はシュートを打つ前に、グリップをよくするためにバスケットボールを両手でこすり合わせた。）
infer,推測する,推測する、推論する,"From the opponent's formation, the coach could infer their next strategy. （相手の陣形から、コーチは彼らの次の戦略を推測することができた。）"
surgeon,外科医,外科医,The player had to see a surgeon after injuring his knee during the basketball game. （その選手はバスケットボールの試合中に膝を負傷した後、外科医に診てもらう必要がありました。）
intake,摂取,摂取、摂取量、取り入れ,Athletes need to monitor their daily calorie intake during the basketball season. （バスケットボールのシーズン中、選手たちは毎日のカロリー摂取量を管理する必要があります。）
drain,排水管,～の水を抜く、～を消耗させる、排出する,The tough basketball practice completely drained my energy. （ハードなバスケットボールの練習で私の体力がすっかり奪われた。）
conquer,征服する,征服する、打ち勝つ、克服する,Our team practiced hard to conquer our strongest rivals in the championship game. （私たちのチームは、選手権大会で最強のライバルに打ち勝つために猛練習しました。）
spoil,だめにする,台無しにする、甘やかす、腐る,A careless foul spoiled our team's chance to win the basketball game. （不注意なファウルが、私たちのチームがバスケットボールの試合に勝つチャンスを台無しにしました。）
frequent,頻繁の,頻繁な、たびたびの,Frequent practice made our basketball team much stronger. （頻繁な練習によって、私たちのバスケットボールチームははるかに強くなりました。）
companion,仲間,仲間、連れ、伴侶,He has been my best companion on the basketball team since junior high school. （彼は中学時代からバスケットボールチームで私の最高の仲間です。）
neglect,怠慢,～を怠る、～を無視する、～を放置する,The team lost the game because they neglected their defense practice. （チームは守備の練習を怠ったため、試合に敗れた。）
affair,こと、事件,情勢、出来事、問題,Managing team tactics is an important affair for the basketball coach. （チームの戦術を管理することは、バスケットボールのコーチにとって重要な業務です。）
despair,絶望する,絶望、諦め、絶望する,The team fell into despair after losing the final basketball match by just one point. （わずか1点差でバスケットボールの決勝戦に敗れ、チームは絶望に包まれた。）
scarcely,ほとんど〜ない,ほとんど～ない、かろうじて,He could scarcely believe that his buzzer-beater won the game. （彼は自分のブザービーターで試合に勝ったことがほとんど信じられなかった。）
absolute,絶対的な,絶対的な、完全な、無条件の,He has absolute confidence in his basketball team. （彼は自分のバスケットボールチームに絶対的な信頼を寄せています。）
scatter,ばらまく,～を撒き散らす、散らばる、散らす,The players scattered to their positions after the timeout. （タイムアウトの後、選手たちはそれぞれのポジションへ散らばった。）
awkward,ぶざまな,気まずい、ぎこちない、不器用な,"After losing the basketball game, there was an awkward silence in the locker room. （バスケットボールの試合に敗れた後、ロッカールームには気まずい沈黙が流れていた。）"
forecast,予報する,～を予測する、～を予報する、予測,The coach's forecast for the next basketball game was accurate. （次のバスケットボールの試合に対するコーチの予測は正確でした。）
grasp,つかむ,～を把握する、～をしっかりつかむ、理解,He firmly grasped the ball with both hands to secure the rebound. （彼はリバウンドを確実にするために、両手でボールをしっかり掴みました。）
cease,終わる、やめる,やめる、終わる、中止する,The referee blew the whistle to make the players cease playing. （審判は選手たちにプレーをやめさせるために笛を吹いた。）
polish,磨く,～を磨く、～を洗練させる、つや,He needs to polish his basketball skills before the main tournament. （彼は本大会までにバスケットボールの技術を磨く必要があります。）
carve,彫る,～を彫る、～を刻む、～を切り分ける,The player carved out space near the basket to catch the pass. （その選手はパスを受けるためにゴール付近でスペースを切り開きました。）
infant,幼児,幼児、赤ん坊,The famous basketball player has loved playing with a ball since he was an infant. （その有名なバスケットボール選手は幼少期の頃からボールで遊ぶのが好きでした。）
starve,飢える,餓死する、飢える、～を切望する,The basketball team was starving for a victory in the final tournament. （そのバスケットボールチームは最後の大会での勝利を切望していた。）
altogether,全く,全部で、完全に、要するに,Our team scored eighty points altogether in yesterday's basketball match. （私たちのチームは昨日のバスケットボールの試合で全部で80点を決めました。）
substitute,代替する,～を代用する、代理人、代わりの,The coach decided to send a substitute player onto the court. （コーチは交代選手をコートに送り出すことに決めました。）
strain,痛める,負担、緊張、～を痛める,The player strained his muscle during the basketball game. （その選手はバスケットボールの試合中に筋肉を痛めました。）
thoroughly,徹底的に,徹底的に、すっかり、完全に,The coach thoroughly reviewed the team's tactics before the big game. （コーチは大一番の試合の前にチームの戦術を徹底的に復習した。）
suicide,自殺,自殺、自殺行為,Our coach made us run suicides at the end of basketball practice. （コーチはバスケットボールの練習の最後に私たちにシャトルランをやらせた。）
tolerant,寛容な,寛容な、耐性のある、容認する,The coach was tolerant of the players' mistakes during practice. （コーチは練習中の選手たちのミスに対して寛容でした。）
council,会議,会議、評議会、地方議会,The student council decided to hold a basketball tournament next month. （生徒会は来月バスケットボール大会を開催することを決定しました。）
utilize,利用する,～を利用する、～を活用する,The coach advised us to utilize timeouts effectively during the basketball game. （監督はバスケットボールの試合中にタイムアウトを効果的に活用するよう私たちに助言した。）
optimistic,楽観主義の,楽観的な、楽観主義の,The coach remains optimistic that our basketball team will win the next game. （コーチは私たちのバスケットボールチームが次の試合に勝つと楽観視しています。）
utter,発する,完全な、～を発する、口に出す,The coach did not utter a single word during the timeout. （コーチはタイムアウトの間、一言も発しなかった。）
conservative,保守的な,保守的な、控えめな,The coach chose a conservative strategy to protect their lead in the final quarter. （コーチは最終クォーターでリードを守るために保守的な戦略を選んだ。）
validate,検証する,～を検証する、～を有効にする、～を立証する,The referee checked the replay video to validate the game-winning shot. （審判は決勝シュートが有効かどうかを検証するためにリプレイ映像を確認した。）
scheme,計略,計画、枠組み、陰謀,The coach devised a new defensive scheme for the next basketball game. （監督は次のバスケットボールの試合のために新しい守備計画を考案しました。）
venue,会場,会場、開催地,The arena will serve as the venue for the high school basketball tournament. （そのアリーナは高校バスケットボール大会の会場となります。）
margin,余白,余白、差、利益,They won the basketball game by a narrow margin. （彼らは僅差でバスケットボールの試合に勝利した。）
warranty,保証,保証、保証書、根拠,The basketball shoes come with a one-year warranty. （そのバスケットボールシューズには1年間の保証が付いています。）
rear,育てる,後部の、～を育てる,He passed the ball to a player in the rear. （彼は後方にいる選手にボールをパスした。）
depart,出発する,出発する、去る、逸れる,The basketball team will depart for the tournament early tomorrow morning. （バスケットボールチームは明日の早朝、大会に向けて出発します。）
invasion,侵入,侵略、侵害、侵入,The team stopped the opponent's invasion into the paint area with strong defense. （そのチームは強力なディフェンスで相手のペイントエリアへの侵入を防いだ。）
entitle,資格を与える,～に権利を与える、～に題名をつける,Winning the tournament entitles the team to enter the national championship. （大会で優勝すると、チームには全国大会に出場する権利が与えられます。）
stroke,発作、なでる,脳卒中、打撃、撫でる,He practiced his shooting stroke every day to improve his accuracy. （彼は精度を上げるために毎日シュートフォームを練習しました。）
consent,同意する,同意する、承諾、同意,The coach gave his consent for us to use the gym after school for extra practice. （コーチは放課後に自主練習で体育館を使うことに同意してくれました。）
compromise,妥協、歩み寄る,妥協する、妥協、～を損なう,Both teams had to compromise on the game strategy during the final timeout. （両チームは最後のタイムアウト中に試合の戦略において妥協しなければならなかった。）
regulate,規制する,～を規制する、～を調整する、～を統制する,The referee was able to regulate the pace of the basketball game. （審判はそのバスケットボールの試合のペースを調整することができた。）
dignity,威厳、品位,尊厳、品格、気品,"Even after losing the final game, the players maintained their dignity and shook hands with their opponents. （決勝戦に敗れた後も、選手たちは尊厳を保ち、相手チームと握手を交わしました。）"
index,索引、指数,索引、見出し、指標,This index shows the overall efficiency of each basketball player. （この指標は各バスケットボール選手の総合的な効率を示しています。）
initiative,独創力、主導,主導権、新計画、自発性,Our point guard took the initiative to lead the basketball team to victory. （私たちのポイントガードが主導権を握り、バスケットボールチームを勝利に導きました。）
cruel,残酷な,残酷な、無慈悲な、厳しい,It was a cruel loss for our basketball team in the final seconds of the game. （試合終了間際の私たちのバスケットボールチームにとって、それは残酷な敗北でした。）
suspend,吊るす,～をつるす、～を一時停止する、～を停職［停学］処分にする,The referee decided to suspend the basketball game due to heavy rain. （審判は大雨のためバスケットボールの試合を一時中断することを決定しました。）
constitution,制定、憲法,憲法、構成、体質,The team created a new constitution to establish rules for daily practice. （チームは毎日の練習のルールを定めるために新しい規約を作りました。）
accommodation,収容能力,宿泊施設、収容、調節,The hotel provided great accommodation for the basketball team during the tournament. （そのホテルは大会期間中、バスケットボールチームに素晴らしい宿泊施設を提供しました。）
supreme,最高の,最高の、至高の,Winning the national championship is the supreme goal for our basketball team. （全国大会で優勝することが、私たちのバスケットボールチームの最高の目標です。）
pension,年金,年金、恩給,The retired basketball player lives on his pension. （その引退したバスケットボール選手は年金で暮らしています。）
infection,感染,感染、伝染、伝染病,He missed the basketball game because of a severe finger infection. （彼は重い指の感染症のため、バスケットボールの試合を欠場しました。）
acquaintance,知人,知人、面識、知識,I met an old acquaintance at the local basketball court. （私は地元のバスケットボールコートで古い知人に会いました。）
lean,もたれる,傾く、頼る、痩せた,He leaned forward to steal the ball from the opponent. （彼は相手からボールを奪うために体を前に傾けた。）
monarch,君主,君主、専制君主,The team's star player ruled the court like an absolute monarch. （そのチームのエース選手は、まるで絶対的な王者のようにコートを支配した。）
elect,選ぶ,～を選ぶ、～を選出する、～（すること）を選ぶ,The team members voted to elect him as their new basketball captain. （チームのメンバーは彼を新しいバスケットボールのキャプテンに選ぶために投票しました。）
pebble,小石,小石,He slipped on a small pebble on the outdoor basketball court. （彼は屋外のバスケットボールコートにあった小さな小石で滑ってしまった。）
reckon,数える、見なす,～と考える、～を計算する、～とみなす,The coach reckons our team has a good chance of winning the basketball tournament. （監督は私たちのチームがバスケットボールの大会で勝つ見込みが十分にあると考えています。）
recruit,募集する,～を募集する、～を採用する、新人,The coach managed to recruit a talented player for our basketball team. （監督は私たちのバスケットボールチームのために優秀な選手を勧誘することに成功した。）
skeptical,懐疑的な,懐疑的な、疑い深い,Many fans were skeptical about our team's chances of winning the basketball championship. （多くのファンは私たちのチームがバスケットボールの選手権で優勝する可能性に懐疑的でした。）
swear,宣誓する,～を誓う、断言する、罵り言葉を吐く,The players swore to give their best performance in the championship game. （選手たちは選手権大会で全力を尽くすことを誓いました。）
integrity,誠実さ,誠実、高潔、完全,Playing with integrity and respect is essential for our basketball team. （誠実さとリスペクトを持ってプレイすることは、私たちのバスケットボールチームにとって不可欠です。）
mature,成熟する,成熟した、熟す、熟成した,He is a mature basketball player who always makes calm decisions during the game. （彼は試合中に常に冷静な判断を下す、成熟したバスケットボール選手です。）
modify,修正する,修正する、変更する、修飾する,The coach decided to modify our defense strategy for the second half. （監督は後半に向けて私たちの守備戦略を変更することを決めた。）
nutrition,栄養,栄養、栄養物、栄養摂取,Good nutrition is essential for basketball players to play well throughout the game. （試合を通して素晴らしいプレーをするために、バスケットボール選手にとって適切な栄養は不可欠です。）
oral,口頭の,口頭の、口の、経口の,The coach gave oral instructions to the players during the timeout. （コーチはタイムアウト中に選手たちに口頭で指示を出しました。）
procedure,手続き,手順、手続き、処置,The referee explained the correct substitution procedure to the coach. （審判はコーチに正しい交代の手続きを説明した。）
ridiculous,ばかげた,ばかげた、滑稽な、あきれた,It is ridiculous to think that our team will lose the basketball match. （私たちのチームがそのバスケットボールの試合に負けると思うなんて馬鹿げています。）